/Hotel_Review-g304554-d1676301-Reviews-Courtyard_by_Marriott_Mumbai_International_Airport-Mumbai_Maharashtra.html,Courtyard by Marriott Mumbai International Airport
/Hotel_Review-g304554-d304617-Reviews-Hotel_Residency_Fort-Mumbai_Maharashtra.html,Hotel Residency Fort
/Hotel_Review-g304554-d479536-Reviews-The_Resort-Mumbai_Maharashtra.html,The Resort
/Hotel_Review-g1532344-d2643358-Reviews-Ibis_Navi_Mumbai_Hotel-Navi_Mumbai_Mumbai_Maharashtra.html,Ibis Navi Mumbai Hotel
/Hotel_Review-g304554-d1135593-Reviews-Hotel_Le_Grande-Mumbai_Maharashtra.html,Hotel Le Grande
/Hotel_Review-g304554-d3577703-Reviews-The_Fern_Residency_Mumbai-Mumbai_Maharashtra.html,The Fern Residency, Mumbai
/Hotel_Review-g304554-d1022674-Reviews-Radisson_Mumbai_Goregaon-Mumbai_Maharashtra.html,Radisson Mumbai Goregaon
/Hotel_Review-g304554-d1427173-Reviews-Holiday_Inn_Mumbai_International_Airport-Mumbai_Maharashtra.html,Holiday Inn Mumbai International Airport
/Hotel_Review-g304554-d1452050-Reviews-Hotel_Executive_Enclave-Mumbai_Maharashtra.html,Hotel Executive Enclave
/Hotel_Review-g304554-d4107195-Reviews-Residency_Sarovar_Portico-Mumbai_Maharashtra.html,Residency Sarovar Portico
/Hotel_Review-g304554-d1676301-Reviews-Courtyard_by_Marriott_Mumbai_International_Airport-Mumbai_Maharashtra.html,Courtyard by Marriott Mumbai International Airport
/Hotel_Review-g304554-d678272-Reviews-Sahara_Star_Hotel-Mumbai_Maharashtra.html,Sahara Star Hotel
/Hotel_Review-g304554-d325648-Reviews-The_Sahil_Hotel-Mumbai_Maharashtra.html,The Sahil Hotel
/Hotel_Review-g1532344-d3915386-Reviews-Country_Inn_Suites_by_Radisson_Navi_Mumbai-Navi_Mumbai_Mumbai_Maharashtra.html,Country Inn & Suites by Radisson, Navi Mumbai
/Hotel_Review-g304554-d304632-Reviews-Vivanta_President_Mumbai-Mumbai_Maharashtra.html,Vivanta President, Mumbai
/Hotel_Review-g304554-d2048980-Reviews-Sofitel_Mumbai_BKC-Mumbai_Maharashtra.html,Sofitel Mumbai BKC
/Hotel_Review-g304554-d302176-Reviews-The_Leela_Mumbai-Mumbai_Maharashtra.html,The Leela Mumbai
/Hotel_Review-g304554-d472105-Reviews-Trident_Nariman_Point-Mumbai_Maharashtra.html,Trident, Nariman Point
/Hotel_Review-g304554-d301899-Reviews-Hilton_Mumbai_International_Airport-Mumbai_Maharashtra.html,Hilton Mumbai International Airport
/Hotel_Review-g304554-d654566-Reviews-Le_Sutra_The_Indian_Art_Hotel-Mumbai_Maharashtra.html,Le Sutra - The Indian Art Hotel
/Hotel_Review-g304554-d503409-Reviews-ITC_Grand_Central-Mumbai_Maharashtra.html,ITC Grand Central
/Hotel_Review-g304554-d299754-Reviews-JW_Marriott_Mumbai_Juhu-Mumbai_Maharashtra.html,JW Marriott Mumbai Juhu
/Hotel_Review-g304554-d307098-Reviews-Hyatt_Regency_Mumbai-Mumbai_Maharashtra.html,Hyatt Regency Mumbai
/Hotel_Review-g304554-d304225-Reviews-The_Oberoi_Mumbai-Mumbai_Maharashtra.html,The Oberoi, Mumbai
/Hotel_Review-g304554-d1135618-Reviews-The_Oriental_Residency-Mumbai_Maharashtra.html,The Oriental Residency
/Hotel_Review-g304554-d302179-Reviews-The_Taj_Mahal_Palace_Mumbai-Mumbai_Maharashtra.html,The Taj Mahal Palace, Mumbai
/Hotel_Review-g304554-d308381-Reviews-Hotel_Marine_Plaza-Mumbai_Maharashtra.html,Hotel Marine Plaza
/Hotel_Review-g304554-d672189-Reviews-Four_Seasons_Hotel_Mumbai-Mumbai_Maharashtra.html,Four Seasons Hotel Mumbai
/Hotel_Review-g304554-d2311683-Reviews-The_St_Regis_Mumbai-Mumbai_Maharashtra.html,The St. Regis Mumbai
/Hotel_Review-g304554-d307116-Reviews-Grand_Hyatt_Mumbai-Mumbai_Maharashtra.html,Grand Hyatt Mumbai
